gene_id,colors
GATD3;GATD3B,tan
UBA6,blue
FBLL1,greenyellow
NCBP2L,greenyellow
A2ML1,greenyellow
SNRPG;SNRPGP15,blue
EIF3C;EIF3CL,black
NACA,black
ACOT7,blue
PSMD11,blue
PGRMC1,yellow
CLIC1,black
EIF3F,yellow
QSOX1,tan
IPO5,black
SAP18,tan
NDUFA4,yellow
DDX3X,black
NFIB,yellow
PDXK,tan
DPYSL4,yellow
COPE,tan
IMPA2,greenyellow
PRMT5,greenyellow
PSMA7,yellow
MYL12A;MYL12B,black
HNRNPDL,greenyellow
XPO1,black
SPTBN2,greenyellow
DCLK1,blue
ARPC2,blue
ARPC3,blue
HMGB3,blue
PPM1G,yellow
EIF3D,tan
YKT6,greenyellow
ARPC5,yellow
PER1,greenyellow
FABP7,blue
DHX15,black
PHGDH,magenta
DYNC1LI2,yellow
MSI1,black
HNRNPR,greenyellow
TXNL1,yellow
TPD52L2,tan
TGM5,greenyellow
DCX,blue
CHMP2A,tan
ZNF207,blue
GET3,black
BUB3,yellow
ACTN4,black
NARS1,black
LANCL1,yellow
CALU,black
AHCYL1,tan
SMARCA5,black
URB1,greenyellow
PPL,greenyellow
SYNCRIP,black
UGDH,black
CTNND1,black
USO1,blue
H2BC10;H2BC12;H2BC12L;H2BC13;H2BC14;H2BC15;H2BC18;H2BC5;H2BC9,tan
EDF1,black
CTSV,greenyellow
WDR1,yellow
CPNE3,black
HIP1R,greenyellow
GGCT,black
NIPSNAP2,black
PDCD6,blue
ALOX12B,greenyellow
TBCA,yellow
MACROH2A1,greenyellow
SH3BGRL,magenta
FLNB,tan
VPS26A,black
PSIP1,black
ERLIN1,tan
NDUFS3,blue
HSBP1,tan
BANF1,yellow
SF3B1,yellow
PRKRA,blue
LYPLA1,greenyellow
CREG1,greenyellow
SERPINB7,tan
SNRNP200,yellow
CBR3,tan
IDH1,yellow
RBBP9,tan
DYSF,greenyellow
ATP5PD,yellow
ATP5MG,black
SCGN,blue
SRP72,tan
DDAH1,black
UFL1,greenyellow
PLPBP,tan
DUSP14,greenyellow
LYPD3,greenyellow
PGLS,yellow
IPO7,black
PGM3,tan
HSPA4L,tan
PTBP3,greenyellow
LSM8,magenta
DDAH2,blue
SCGB1D2,greenyellow
LDHA,magenta
GLUD1,black
CYB5R3,black
SOD1,blue
PNP,greenyellow
GOT2,blue
PGK1,greenyellow
AK1,blue
HP,greenyellow
ADA,greenyellow
CA2,greenyellow
SERPINA1,greenyellow
CST1,tan
CSTA,greenyellow
PIGR,greenyellow
IGKC,greenyellow
IGHG1,tan
IGHA1,tan
COL1A1,greenyellow
LMNA,tan
APOA1,greenyellow
FGB,greenyellow
ALB,magenta
TF,greenyellow
LTF,greenyellow
CAT,tan
GBA,greenyellow
ALDOA,black
CSTB,black
ANXA1,tan
S100B,greenyellow
TUBB4A,blue
GAPDH,magenta
CAPNS1,tan
HSPB1,black
RPN1,black
RPN2,blue
ARG1,tan
APOD,greenyellow
ALDH2,blue
S100A8,black
HMGN1,tan
SLC25A5,tan
EIF2S1,yellow
RPLP1,tan
RPLP2,magenta
RPLP0,black
SSB,black
GSN,black
PTMA,greenyellow
CDK1,black
ATP5F1B,magenta
S100A9,greenyellow
EIF4E,yellow
ENO1,magenta
PYGL,greenyellow
GPI,yellow
NPM1,greenyellow
TPM3,yellow
HEXA,tan
H2BC11;H2BC17;H2BC21;H2BC3,tan
DBI,magenta
LDHB,magenta
GPX1,blue
P4HB,black
H1-0,blue
CTSD,black
ANXA2,tan
CAPN1,tan
TUBB,greenyellow
IVL,greenyellow
PSAP,tan
HEXB,black
PFN1,magenta
EPRS1,tan
CTSB,tan
HSP90AA1,greenyellow
HNRNPC,blue
FH,black
ANXA6,black
RHOA;RHOC,black
HSP90AB1,greenyellow
SNRNP70,yellow
VIM,magenta
GNAI3,tan
ANXA5,magenta
STS,greenyellow
RPSA,magenta
SNRPA,yellow
ENO2,yellow
GSTP1,magenta
LGALS1,black
QDPR,blue
HMGB1,yellow
RBP1,blue
GNAO1,blue
TPM1,tan
CLTA,yellow
CLTB,tan
CNP,tan
HMOX1,greenyellow
DLD,tan
HNRNPA1,blue
SNRPA1,yellow
COX6C,yellow
PARP1,magenta
UCHL1,blue
LTA4H,greenyellow
ALDOC,tan
H2AZ1;H2AZ2,blue
TMSB15A;TMSB15B,yellow
HSPA1A;HSPA1B,black
CALM1;CALM2;CALM3,magenta
DLAT,greenyellow
NR2F1,greenyellow
TXN,greenyellow
ESD,blue
HSPD1,magenta
CLU,greenyellow
HSPA5,magenta
MAP2,blue
HSPA8,magenta
PDHB,black
PYGB,yellow
RALB,tan
LAMP1,tan
ACADM,black
TOP1,yellow
TOP2A,black
MTHFD1,black
ADH5,yellow
PABPC1,black
PCNA,magenta
HARS1,blue
IMPDH2,black
TPR,black
PIP,greenyellow
CKB,greenyellow
ACTN1,tan
PEPD,tan
XRCC6,greenyellow
XRCC5,greenyellow
RNH1,black
EEF2,magenta
PDIA4,black
LCP1,greenyellow
PLS3,greenyellow
APEH,tan
ETFA,black
GFAP,black
MIF,greenyellow
PRKCSH,black
FDPS,black
COX7A2,yellow
AKR1A1,yellow
PKM,magenta
HSP90B1,magenta
IDE,greenyellow
HNRNPL,greenyellow
DARS1,black
JUP,tan
UQCRB,tan
AKR1B1,yellow
GSPT1,black
EZR,magenta
NME1,magenta
CD1D,magenta
RPS2,black
DSP,blue
RPA2,black
COX7C,yellow
CBR1,blue
H1-5,tan
ATP2A2,yellow
STMN1,blue
GOT1,blue
CAPN2,greenyellow
DDX5,yellow
PFKL,yellow
GM2A,greenyellow
LGALS3,black
PSMC3,greenyellow
TCP1,black
RPL35A,black
ARF4,greenyellow
RPL7,magenta
VCL,tan
IL1RN,greenyellow
RPL17,black
PGAM1,yellow
RCC1,black
NCL,greenyellow
HK1,yellow
SRM,blue
TYMP,tan
ANXA7,tan
BTF3,greenyellow
RAB5A,blue
PSMB1,yellow
COX5A,yellow
LMNB1,greenyellow
FLG,greenyellow
PTMS,blue
GSTM3,blue
ATP6V1B2,greenyellow
FLNA,black
VDAC1,magenta
PCMT1,yellow
FBL,greenyellow
GART,black
PAICS,black
UBA1,yellow
HNRNPA2B1,blue
CALB2,blue
UQCRC2,blue
TGM1,greenyellow
SFPQ,blue
PPIB,black
ME2,greenyellow
RPS3,magenta
GCSH,black
PTPRZ1,greenyellow
AHCY,black
CFL1,greenyellow
RRM1,black
EEF1B2,black
ATP5PB,tan
ACAT1,yellow
MCM3,black
AZGP1,greenyellow
RPS12,black
ATP5F1A,magenta
PSMA1,yellow
PSMA2,blue
PSMA3,yellow
PSMA4,yellow
MSN,black
DDX6,yellow
U2AF2,magenta
RPL13,black
HMGB2,magenta
PTBP1,magenta
TARS1,tan
VARS1,blue
EEF1G,black
FKBP2,blue
YWHAQ,greenyellow
CALML3,greenyellow
RPL10,tan
RPA1,black
APEX1,greenyellow
CALR,black
MAP4,black
CANX,black
PSMA5,yellow
PSMB4,yellow
PSMB6,yellow
PSMB5,tan
GSTM2,black
ABCD3,greenyellow
NDUFS1,blue
MAPK1,black
LAP3,blue
S100A2,greenyellow
IMPA1,tan
TKT,greenyellow
SERPINB3,greenyellow
EEF1D,black
MARCKS,black
ERP29,black
PRDX6,greenyellow
PRDX5,yellow
PRDX3,black
ATP5F1D,yellow
RPL12,black
CMPK1,tan
PEBP1,greenyellow
PDIA3,magenta
PPP2R1A,yellow
SRI,magenta
CORO1A,greenyellow
GDI1,yellow
S100A7,greenyellow
MAT2A,black
RRM2,black
TIA1,yellow
DNAJA1,greenyellow
UQCRC1,yellow
ATIC,black
HNRNPH3,greenyellow
HNRNPH1,blue
CASP14,black
YWHAB,greenyellow
SFN,greenyellow
STIP1,magenta
S100A11,tan
PRDX2,magenta
RPL9P9,black
KIF5B,blue
DUT,black
MCM4,black
MCM5,black
MCM7,black
SHMT2,black
HSPA4,yellow
PFN2,greenyellow
CTNNA1,tan
CTNNB1,tan
PHB1,black
SERPINB6,tan
RDX,black
RPA3,black
RPL22,black
AGL,greenyellow
MYH9,yellow
MYH10,yellow
COPB2,blue
ADD1,greenyellow
BSG,magenta
DEK,yellow
GLRX,greenyellow
PSMC2,yellow
ARL3,yellow
ATP5F1C,black
ATP6V1E1,greenyellow
RPL4,black
PPP1CC,tan
DLST,yellow
SRP14,yellow
FDFT1,tan
TAGLN2,black
TALDO1,yellow
RBMX,greenyellow
ATP6V1A,blue
HSPA9,black
EIF4A3,black
RPS19,black
RPL3,black
DDOST,black
ANP32A,greenyellow
FEN1,black
CAPG,tan
CCT6A,yellow
RPL13A,black
ARL1,tan
MDH1,yellow
MDH2,greenyellow
HADHA,black
EIF2S3;EIF2S3B,tan
GARS1,blue
IARS1,tan
ECI1,black
TMPO,greenyellow
HAL,greenyellow
ACAA2,black
PAFAH1B1,yellow
MATR3,greenyellow
SSR1,tan
RANBP1,black
NAMPT,greenyellow
PSMC4,blue
VDAC2,yellow
CBX5,black
USP5,yellow
MKI67,black
RANGAP1,black
NSF,tan
RPL27A,greenyellow
RPL5,black
RPL21,black
RPL28,black
RPS9,black
RPS5,black
RPS10,magenta
MAP1B,greenyellow
GNPDA1,black
IQGAP1,tan
STT3A,greenyellow
CAPZA2,blue
CAPZB,yellow
QARS1,tan
LGALS7B,greenyellow
ATP5PO,yellow
ME1,greenyellow
ARCN1,tan
LSS,tan
PSMD8,yellow
GSS,blue
CCT5,yellow
NES,magenta
CSNK1A1,tan
IDH2,magenta
MARCKSL1,blue
ALDH9A1,black
RPL34,tan
LMAN1,greenyellow
NASP,magenta
FASN,black
CCT3,yellow
TUFM,yellow
ALDH7A1,black
SRP9,greenyellow
SARS1,yellow
PSMB3,blue
PSMB2,yellow
MCM2,magenta
ACADVL,tan
TMED10,black
HINT1,blue
NUP153,magenta
GMPS,black
LIG3,tan
GDI2,greenyellow
EMD,tan
SERPINH1,tan
ST13;ST13P5,black
DNM2,blue
RPL14,black
CCT8,magenta
CCT4,yellow
ATP1A2,tan
ANXA11,greenyellow
FXR1,yellow
RAB7A,yellow
PLCD1,greenyellow
SSR4,black
BCAP31,blue
ALDH3A2,greenyellow
HSD17B4,blue
GPM6A,blue
HDGF,blue
HNRNPA3,greenyellow
PGD,yellow
HNRNPM,greenyellow
KPNA2,black
RAP1GDS1,greenyellow
ARHGDIA,yellow
HNRNPF,black
MSH6,black
RIDA,greenyellow
SMS,yellow
THOP1,greenyellow
CAPZA1,tan
HMGA2,greenyellow
CRIP2,blue
BLVRA,blue
ACLY,yellow
MVD,black
COPB1,tan
COPA,yellow
SUB1,greenyellow
RARS1,blue
YARS1,tan
USP14,greenyellow
HSPA2,greenyellow
RAD23B,black
NAPA,blue
EIF5,blue
CSE1L,black
VCP,magenta
HADHB,black
NAP1L1,black
ADK,black
SEC13,greenyellow
NPEPPS,yellow
HNRNPH2,blue
EIF3B,tan
EIF6,black
CTBP2,black
TMEM33,tan
EPPK1,greenyellow
MTPN,blue
DEFA1B;DEFA3,greenyellow
ARPC4,yellow
TPI1,magenta
EIF3E,black
SEC61B,tan
GABARAPL2,greenyellow
MYL6,black
ACTB;ACTG1,magenta
EIF4A1,magenta
RPS20,black
PRPS1,magenta
PSMA6,black
CDC42,yellow
GMFB,blue
UBE2D2;UBE2D3,black
RAB14,greenyellow
ACTR3,blue
ACTR2,blue
ABCE1,tan
RPS3A,black
RPL26;RPL26L1,black
PSME3,black
RPL15,black
RPL27,magenta
ATP6V0D1,greenyellow
HSPE1,magenta
SEC61A1,tan
DAD1,black
COPZ1,tan
UFM1,black
NUTF2,black
HNRNPK,greenyellow
YWHAG,blue
RPS7,black
PPP1CA,yellow
PPP1CB,blue
PSMC5,blue
RPS8,black
RPS15A,black
RPS16,magenta
YWHAE,magenta
RPS14,black
RPS18,black
RPS13,black
RPS11,black
SNRPE,greenyellow
SNRPF,yellow
LSM3,black
SNRPD1,blue
SNRPD2,yellow
SNRPD3,greenyellow
TMSB4X,yellow
ARF6,tan
RPL7A,black
RPS4X,magenta
RPL23A,black
H4-16,tan
RAB1A,yellow
RAN,magenta
RPL23,black
RPS25,black
RPS28,greenyellow
FAU,black
GNB1,yellow
GNB2,black
RPL30,black
RPL31,black
RPL10A,black
RPL11,black
RPL8,magenta
PPIA,magenta
TRA2B,greenyellow
GNAS,blue
GNAI1,tan
YWHAZ,greenyellow
DYNLL1;DYNLL2,blue
RPL38,black
SKP1,magenta
RPS21,magenta
EIF5A,yellow
RACK1,magenta
UBE2I,blue
YBX1,black
SEC11A,tan
TPM4,magenta
UBE2L3,blue
ACTA1,blue
TUBA4A,greenyellow
TUBB4B,greenyellow
PAFAH1B2,blue
HBB,greenyellow
HBA2,black
GTF2I,black
CCT2,yellow
GSTO1,tan
PRKDC,magenta
ABAT,tan
BASP1,blue
DCD,magenta
SARNP,yellow
RPL24,black
CBX1,blue
ERH,greenyellow
RPL19,greenyellow
SRSF3,blue
FOXK1,greenyellow
SLC25A3,black
HDLBP,greenyellow
CLTC,yellow
FKBP3,black
SORD,tan
HNRNPU,greenyellow
MYBPC1,greenyellow
U2AF1,yellow
SPTBN1,tan
SET,greenyellow
FABP5,magenta
CAP1,black
HMGCS1,black
EWSR1,yellow
ALDH6A1,black
DSG1,tan
H1-1,yellow
RPL18A,black
FKBP4,yellow
NUCB1,tan
RPL6,magenta
TOP2B,yellow
AKAP12,black
SLC25A11,yellow
LMNB2,blue
EIF4G1,tan
GLO1,black
SSBP1,black
YWHAH,greenyellow
EEF1A2,blue
EML5,tan
PTPN11,blue
PSME1,black
PRDX1,magenta
RPL18,black
C1QBP,greenyellow
CKAP4,blue
KHDRBS1,blue
KLC1,blue
SRSF1,greenyellow
ARHGAP1,tan
SRSF4,greenyellow
TGM3,tan
DHX9,greenyellow
CRYZ,black
LGALS3BP,greenyellow
DSC1,black
SSRP1,black
RBBP4,magenta
AHNAK,tan
AP1B1,tan
KIF1A,greenyellow
SCRN1,black
TP53BP1,blue
ILF2,greenyellow
ILF3,yellow
LMAN2,blue
GPS1,greenyellow
HNRNPA0,greenyellow
PRDX4,black
PAK2,yellow
CBX3,black
PSMD2,yellow
SELENBP1,tan
SRSF9,black
SRSF6,blue
MAD2L1,black
TRIM28,magenta
G3BP1,black
PABPC4,tan
EIF3I,black
DYNC1I2,blue
NNT,yellow
TUBB3,blue
ASAH1,greenyellow
CAMK2D,greenyellow
DCTN2,blue
IQGAP2,tan
SPTAN1,yellow
PKP1,greenyellow
DDX39B,greenyellow
BLMH,greenyellow
TUBB2A,blue
IDI1,black
CKAP5,black
CIRBP,greenyellow
COTL1,blue
HNRNPD,blue
SCARB2,tan
TRIM29,greenyellow
UBAP2L,greenyellow
MLEC,tan
TTLL12,tan
CRMP1,blue
DPYSL3,blue
DYNC1H1,yellow
EIF4A2,yellow
CTTN,blue
RCN2,black
CAPRIN1,black
RBM39,yellow
MCM6,black
DSC3,tan
CLINT1,tan
SMC1A,black
GANAB,black
GRM3,greenyellow
CHD4,black
LASP1,blue
KPNB1,black
NUMA1,magenta
PSMD6,blue
SEPTIN2,black
EFTUD2,black
ACOX1,greenyellow
EEA1,tan
PDIA6,black
PAFAH1B3,blue
PEA15,magenta
EBP,blue
PMVK,tan
PLEC,tan
PPA1,yellow
PTGES3,black
NONO,greenyellow
RAB35,greenyellow
RCN1,black
PCBP1,greenyellow
PCBP2,greenyellow
ELOB,black
SF3B3,black
CNN3,black
SAFB,yellow
PPP1R7,yellow
SF3A1,black
CDSN,tan
MAPRE2,tan
TSN,yellow
MAPRE1,yellow
ELAVL1,black
NSDHL,tan
CST6,greenyellow
NEDD8,yellow
ATP6AP1,greenyellow
RAB11B,yellow
SNCB,greenyellow
SEPTIN7,black
INA,blue
DDB1,black
DPYSL2,greenyellow
RBBP7,black
ECM1,greenyellow
SRSF7,greenyellow
CPSF6,black
DBN1,blue
FSCN1,greenyellow
DECR1,black
H2AC19;H2AC20,tan
RTN1,blue
HADH,black
UGP2,tan
TXNRD1,yellow
IMMT,black
NKPD1,greenyellow
HNRNPUL2,yellow
PLA2G4E,greenyellow
HSDL1,blue
TUBB8,greenyellow
ASPRV1,greenyellow
ACTBL2,greenyellow
FLG2,black
ATAT1,blue
HP1BP3,blue
CCDC183,greenyellow
KPRP,greenyellow
XP32,greenyellow
CROCC,black
YOD1,greenyellow
NXN,tan
PTRHD1,tan
TWF2,greenyellow
HIBCH,magenta
PRPF8,black
SBSN,greenyellow
NAPRT,tan
HSDL2,tan
EML6,black
NCCRP1,greenyellow
TUBA1A,blue
SND1,black
RUFY3,blue
BZW1,black
CYFIP1,tan
ERMP1,greenyellow
MYH14,greenyellow
DCXR,black
HUWE1,tan
CENPV,blue
C11orf96,greenyellow
RALYL,greenyellow
PABPN1,black
MTDH,blue
ALYREF,black
CAND1,yellow
NIT1,tan
HRNR,greenyellow
PLD3,tan
SELENOH,blue
CCAR2,yellow
SDR16C5,greenyellow
CPSF7,yellow
TXNDC5,tan
SERBP1,tan
APPL2,tan
SDR9C7,greenyellow
LPCAT1,greenyellow
SYNE1,black
SMARCC2,yellow
DENND1A,magenta
SHROOM3,greenyellow
PDCD6IP,greenyellow
BRK1,tan
POF1B,greenyellow
PALLD,tan
PSPC1,yellow
SYNE2,black
DNAJC9,black
IRGQ,blue
DDX1,blue
H1-10,blue
NCSTN,tan
TM9SF4,tan
NDRG1,greenyellow
HSPH1,black
MYO18A,greenyellow
GCN1,tan
ANP32B,black
TFG,black
ARPC1A,yellow
HDAC2,yellow
TAF15,greenyellow
EVPL,greenyellow
GGH,black
DDX17,greenyellow
GLG1,tan
UPF1,tan
KHSRP,magenta
TNPO1,black
USP7,tan
STMN2,blue
MYDGF,greenyellow
WBP2,blue
FUBP1,greenyellow
LRRC59,black
EFHD2,greenyellow
PPP1R14B,blue
ISOC1,greenyellow
AP2M1,blue
KCTD12,greenyellow
ZG16B,greenyellow
NUDT16,greenyellow
CMBL,greenyellow
SNRNP40,yellow
MUCL1,greenyellow
S100A16,greenyellow
OTUB1,blue
PGM2,tan
ACY3,greenyellow
ERO1A,tan
ATP5MK,black
BTF3L4,blue
PBK,black
CNDP2,yellow
CAPNS2,tan
SNX27,tan
LINC01600,black
MBOAT7,tan
SERPINB12,tan
IPO9,yellow
RBM14,yellow
NEDD4L,yellow
QKI,tan
GSDMA,greenyellow
VPS35,black
UHRF1,black
NIBAN2,tan
TBCB,yellow
PSMB7,yellow
PSMD1,blue
PARK7,magenta
SORT1,greenyellow
VAT1,greenyellow
PHB2,black
COPS8,greenyellow
HSD17B10,yellow
HNRNPAB,blue
ACO2,yellow
TM9SF2,tan
CPNE1,yellow
CCT7,yellow
PRMT1,black
DPYSL5,blue
NIPSNAP1,blue
ARPC5L,tan
HOPX,tan
WDR77,tan
TXNDC17,yellow
PRXL2A,black
ERP44,black
ANP32E,greenyellow
TMEM43,tan
TUBB6,tan
HNRNPUL1,black
BDH2,tan
TUBB2B,greenyellow
PBDC1,tan
TMED9,black
SARG,greenyellow
ACAT2,black
SRRT,yellow
HELZ2,greenyellow
API5,yellow
DPY30,blue
PITHD1,greenyellow
WDR61,tan
SRR,blue
HDHD2,tan
C11orf54,greenyellow
SDCBP2,greenyellow
NUCKS1,greenyellow
EHD4,greenyellow
SH3BGRL3,blue
PPA2,tan
RNPEP,greenyellow
DCTPP1,greenyellow
TUBA4B,greenyellow
SFXN1,black
MYG1,tan
CACYBP,black
GLOD4,yellow
S100A14,greenyellow
TM9SF3,greenyellow
APMAP,yellow
BPIFA1,greenyellow
RAB18,yellow
VTA1,yellow
ISYNA1,black
RTN4,yellow
NIT2,greenyellow
GPHN,greenyellow
EIF2B3,greenyellow
MBNL1,magenta
FARSB,blue
SNTG1,magenta
SMC4,black
SACM1L,tan
OLA1,yellow
DDX19A;DDX19B,tan
SEPTIN11,black
ARL8B,greenyellow
GAR1,blue
DPP3,greenyellow
UGGT1,tan
MAT2B,black
CALML5,tan
HACD3,blue
VAPA,blue
SPATA7,magenta
RCC2,black
SEMA5B,magenta
LARS1,blue
MYEF2,yellow
SAE1,black
DHCR7,blue
EIF3K,black
GRHPR,black
CTSZ,tan
UBA2,black
TJP2,greenyellow
SEPTIN3,blue
SUN2,blue
SEPTIN9,black
PCYOX1,tan
PUF60,black
ENOPH1,black
TAGLN3,blue
CPA4,greenyellow
NAGK,yellow
DBNL,tan
JPT1,blue
PTBP2,blue
TNIK,magenta
NUDT5,black
RALY,black
RAB21,tan
PSME2,black
MCTS1,tan
CORO1C,greenyellow
PYCARD,greenyellow
MYO6,greenyellow
PRPF19,black
NDRG2,black
PSMD13,black
NOVA2,blue
NSFL1C,yellow
MACF1,blue
SRRM2,black
PA2G4,black
BAIAP2,greenyellow
SMC3,black
RTRAF,yellow
RUVBL2,yellow
EIF3L,tan
RUVBL1,yellow
NUDC,black
VDAC3,yellow
FARSA,blue
NCKAP1,greenyellow
CNPY2,tan
SUGT1,tan
LSM2,blue
TMED7,tan
RTCB,yellow
NEU2,greenyellow
RPL36,black
TLN1,tan
SUPT16H,black
RBM8A,black
HEBP2,tan
PSAT1,black
CLIC4,black
DYNC1LI1,tan
IGF2BP2,tan
RTN3,greenyellow
H2AC6;H2AC8;H2AW,greenyellow
RPS27A;UBA52;UBB;UBC,greenyellow
EIF4B,greenyellow
ELAVL4,greenyellow
RAB2A,greenyellow
PPP2CA;PPP2CB,greenyellow
GATAD2A,greenyellow
MIEN1,greenyellow
AP1M1,greenyellow
ABRACL,greenyellow
ATXN10,greenyellow
CLIP2,greenyellow
SHTN1,blue
CROCC2,greenyellow
PDLIM1,greenyellow
GTPBP1,greenyellow
NDUFS8,yellow
PSMD9,tan
ATOX1,blue
WASL,greenyellow
IGF2BP3,tan
DNM1L,blue
PSMD14,tan
NOP56,blue
KPNA4,tan
UBE2C,black
SCD,greenyellow
CDIPT,tan
PDCD5,tan
SLC9A3R1,tan
TCERG1,blue
TNPO2,tan
PPP1R12A,tan
SEC16A,greenyellow
PFAS,tan
PGRMC2,black
PFDN6,greenyellow
OGT,greenyellow
RNMT,greenyellow
PRPF4,tan
NDUFS4,tan
PSMD3,tan
EEF1E1,tan
PRPF3,greenyellow
EIF4G3,greenyellow
PPIH,greenyellow
AKR7A2,tan
XPOT,black
PRC1,greenyellow
NDUFA2,tan
AP1G1,greenyellow
SGTA,greenyellow
MYO1B,tan
RAD21,tan
PRPSAP2,black
KIF5C,blue
OPA1,blue
KDM1A,greenyellow
NME2P1,tan
SNX3,tan
OGA,yellow
DPM1,tan
PRAF2,yellow
DKC1,greenyellow
EIF5B,tan
DNAJA2,tan
PFDN1,yellow
NDUFS7,greenyellow
NDUFS2,tan
SEC22B,tan
PRPF40A,tan
ZNF324;ZNF324B,yellow
CSDE1,blue
TIPRL,tan
NUP155,greenyellow
SLC25A12,greenyellow
RNASEH2A,greenyellow
EIF3J,greenyellow
PSMD10,tan
DCTN3,yellow
SMNDC1,greenyellow
FLOT1,tan
GLRX3,greenyellow
MTA2,blue
UBXN7,blue
PRPF6,black
SEC31A,blue
NDUFB4,blue
VAPB,tan
NDUFA10,tan
FKBP9,blue
SMC2,black
GCNT3,black
AHSA1,blue
AP2A1,blue
AIFM1,tan
BPNT1,tan
TXNDC12,tan
EOMES,greenyellow
NUDT3,blue
TOMM40,tan
ACTL6A,yellow
MT-CO2,yellow
HPRT1,greenyellow
MT-ATP6,greenyellow
HBE1,greenyellow
FTH1,tan
SOD2,tan
OAT,greenyellow
THY1,tan
GNAI2,yellow
ITGB1,tan
UROD,greenyellow
ACYP1,greenyellow
APRT,tan
UQCRH,tan
PFKM,blue
CYC1,greenyellow
SNRPB2,blue
RPS17,blue
ROS1,greenyellow
SNRPC,blue
RO60,tan
ERVK-10;ERVK-19;ERVK-21;ERVK-24;ERVK-25;ERVK-7;ERVK-8;ERVK-9;HERV-K104;HERVK-113,magenta
H1-4,yellow
COX5B,black
MAPT,blue
UMPS,tan
G6PD,greenyellow
SLC25A4,tan
SLC25A6,black
MYL4,tan
SRC,tan
COX4I1,yellow
NCAM1,blue
P4HA1,tan
TPT1,black
PRKAR2A,blue
CCNB1,greenyellow
COX6B1,yellow
RAC2,tan
HMGA1,blue
ITGA2,tan
UBTF,yellow
PRKACA,tan
CTPS1,tan
NDUFV2,greenyellow
EIF2S2,tan
POU3F2,blue
RAB3B,greenyellow
RAB6A,black
GPD1,blue
SDHB,tan
COMT,tan
TCEA1,tan
WARS1,black
DTYMK,greenyellow
ACP1,black
TNC,greenyellow
POLR2A,magenta
MAPK3,blue
DCK,tan
TMOD1,greenyellow
GCA,tan
PML,tan
GNA11,blue
ALDH4A1,tan
DDT,blue
ECHS1,tan
POLR2B,greenyellow
SDHA,tan
RFC4,magenta
RFC2,black
CBS,greenyellow
LONP1,greenyellow
PGM1,black
NUP62,tan
ETFB,tan
CAP2,blue
CSK,greenyellow
EIF1,yellow
MTREX,greenyellow
PI4KA,greenyellow
CASP3,tan
RPS27,black
LRPPRC,tan
RPL35,tan
MSH2,black
GPD2,blue
CRK,tan
CRKL,blue
UQCRFS1,blue
PITPNB,tan
CENPF,black
AARS1,black
YLPM1,greenyellow
NDUFV1,tan
SEPHS1,blue
MRE11,tan
GNG10,tan
GATM,tan
RAB5C,black
DAP,greenyellow
NOVA1,greenyellow
SMARCA4,blue
GALK1,tan
MECP2,blue
HCFC1,yellow
ALDH5A1,greenyellow
PSMD7,greenyellow
UBE2D1,tan
USP11,tan
NCBP2,blue
GTF2A2,blue
KIF11,black
MRPL12,black
SUCLG1,greenyellow
AP2S1,tan
IST1,tan
SEC24C,tan
AK2,tan
PSMD4,tan
AFDN,tan
ADAR,greenyellow
SNU13,blue
OXCT1,tan
MARS1,tan
ATP5ME,yellow
JAM2,tan
CORO7,greenyellow
NUP107,tan
RAB15,greenyellow
GNG2,greenyellow
PPP4C,greenyellow
DSTN,yellow
RAB5B,tan
UBE2M,blue
UBE2K,greenyellow
ACTR1A,yellow
RAP1B,tan
PCBD1,tan
NCALD,blue
STXBP1,blue
WDR5,tan
PSMC1,blue
LSM6,greenyellow
PSMC6,tan
ETF1,greenyellow
RPS6,black
FKBP1A,blue
GRB2,tan
AP2B1,yellow
PPP3R1,tan
DYNLT1,blue
SUPT4H1,greenyellow
TMSB10,blue
CSNK2B,greenyellow
HBG1,greenyellow
HBG2,greenyellow
EIF4G2,yellow
MAP1A,tan
SSBP2;SSBP3,blue
RBM10,greenyellow
RBM3,greenyellow
CYCS,tan
TFAM,greenyellow
CDK6,greenyellow
SRSF2;SRSF8,yellow
TAGLN,tan
OGDH,greenyellow
UBXN1,yellow
TLE3,blue
CALD1,tan
TJP1,tan
TLE5,greenyellow
PPP3CA,blue
CD47,greenyellow
PPID,greenyellow
NCBP1,greenyellow
CHD3,greenyellow
SF3A3,yellow
AIMP1,tan
ELAVL2,yellow
TRAP1,greenyellow
ECH1,tan
ACACA,tan
TARDBP,yellow
MTA1,tan
CTBP1,yellow
SF3B2,black
PDAP1,blue
SNX1,tan
CUL3,blue
CUL4A,tan
FHL1,greenyellow
AAMP,magenta
SAFB2,tan
EIF3A,greenyellow
SCRIB,tan
DCTN1,blue
FLOT2,tan
FRG1,greenyellow
GNA13,black
ELAVL3,blue
PUM1,greenyellow
USP10,greenyellow
MESD,blue
MFSD10,tan
LBR,blue
KIF22,black
NFIX,greenyellow
SART3,greenyellow
KARS1,greenyellow
ARHGEF6,tan
EIF4H,black
LLGL1,tan
RHEB,greenyellow
TOMM20,greenyellow
SF3B4,blue
SF3A2,tan
SEC23A,greenyellow
ZYX,tan
CCDC6,tan
PSMD5,tan
CSRP2,black
CDC37,greenyellow
TBR1,greenyellow
TST,greenyellow
NDUFA9,tan
PDS5A,black
SMU1,greenyellow
GLYR1,greenyellow
FAM98B,greenyellow
HSD17B12,tan
USP39,tan
CDCA8,greenyellow
RAB6C;RAB6D,tan
HSP90AB2P,tan
EXOSC6,greenyellow
CEP170,blue
BROX,tan
IER5,greenyellow
ZMYM4,greenyellow
TNS3,greenyellow
ARHGAP17,greenyellow
CIAPIN1,greenyellow
PPP4R3A,tan
SLC25A24,tan
DPY19L2,greenyellow
C8orf82,tan
EDC4,greenyellow
LARP1,tan
SMARCD3,blue
WDR82,greenyellow
MPRIP,greenyellow
CD109,tan
DDX46,tan
EIF3M,tan
COPS6,tan
PHF5A,blue
HDGFL2,tan
KTN1,tan
CARM1,greenyellow
DDX42,tan
NDUFA11,greenyellow
H2AC21,black
MFN1,greenyellow
SUGP2,yellow
CCAR1,greenyellow
NELFCD,greenyellow
NRM,tan
ABI1,greenyellow
NUP93,tan
LRRC47,greenyellow
ELMOD1,black
UBR7,tan
GATD1,tan
SPC24,black
SCCPDH,tan
ABCF1,greenyellow
MCPH1,tan
CMAS,greenyellow
UBA3,greenyellow
CFAP251,greenyellow
RDH11,tan
DTD1,blue
NUP210,tan
BCL7C,tan
NUDCD2,tan
HNRNPLL,black
UBLCP1,greenyellow
PHIP,black
PRPF31,greenyellow
NELFB,tan
LZIC,tan
PSMF1,tan
RAD50,tan
SMARCC1,greenyellow
ARHGEF2,greenyellow
RPL36AL,black
ERGIC1,tan
FERMT2,greenyellow
EXOSC8,greenyellow
ZNF428,greenyellow
DCPS,tan
FAF2,greenyellow
DAZAP1,blue
CNRIP1,greenyellow
PDXP,blue
BCAN,tan
FUBP3,greenyellow
SUCLG2,tan
TMX3,tan
CHAMP1,blue
UBE2E2,greenyellow
CCDC7,greenyellow
ZNF512,blue
STRBP,yellow
OSBPL9,greenyellow
CDC5L,tan
PFDN5,greenyellow
S100A13,greenyellow
ZBTB18,blue
SEPTIN5,blue
AIF1L,tan
CORO1B,tan
VPS25,tan
COPS4,tan
DIDO1,greenyellow
DDX23,blue
MRI1,tan
WDR18,tan
KIFC1,black
RBM4,blue
SFXN3,greenyellow
LSM14B,greenyellow
NUSAP1,greenyellow
TRIM2,blue
FTO,greenyellow
SLIRP,tan
PAIP1,yellow
RAB33B,greenyellow
ILKAP,black
XRN2,blue
RACGAP1,black
BCL11A,greenyellow
PNN,blue
BOLA2B,greenyellow
TMX1,black
CHMP4B,black
OSBPL3,yellow
PRR36,blue
RANBP3,greenyellow
AAMDC,tan
GORASP2,tan
JPT2,black
XPO5,greenyellow
TNS1,tan
EML4,tan
NCOA5,greenyellow
VAT1L,tan
DYNLRB1,black
ENY2,tan
RIC8A,tan
DIABLO,tan
SAR1A,black
AASDHPPT,blue
PDS5B,blue
RBM12,blue
ABHD10,tan
ATAD3A,tan
CZIB,black
NHP2,tan
ADPRS,greenyellow
CHCHD3,tan
SMPD3,greenyellow
BCLAF1,blue
ERAP1,tan
FAM120A,greenyellow
IGF2BP1,black
HSPBP1,blue
MYOF,tan
NDUFA13,black
MACROH2A2,blue
CAMSAP3,greenyellow
SUCLA2,tan
PEF1,tan
CFDP1,blue
NIPSNAP3A,blue
CGGBP1,greenyellow
LAMTOR3,greenyellow
LIMA1,tan
SRP68,greenyellow
UBQLN2,tan
PFDN2,yellow
XPO7,tan
BAZ1B,blue
AK3,magenta
CD207,greenyellow
STOML2,tan
LSM7,greenyellow
ACIN1,yellow
CDV3,tan
AGO1,tan
TPX2,black
UBQLN1,blue
SNX12,tan
G3BP2,greenyellow
COPS3,tan
TFR2,yellow
LIMCH1,greenyellow
EXOC7,greenyellow
ZC3H4,blue
SATB2,blue
MAPRE3,greenyellow
CORO2B,tan
ZNF148,tan
HPSE,tan
DRG1,tan
DLGAP4,greenyellow
EPB41L3,tan
CRYL1,tan
TMA7,yellow
CARHSP1,blue
THRAP3,tan
WBP11,greenyellow
NOP58,tan
ACOT9,tan
LUC7L2,greenyellow
DHRS7,greenyellow
MOB4,tan
SF3B6,greenyellow
HDGFL3,blue
STRAP,greenyellow
HYOU1,blue
AFG3L2,greenyellow
LSM5,blue
SAMM50,tan
PPME1,greenyellow
UCHL5,greenyellow
GTF3C5,greenyellow
COPG1,greenyellow
MTCH2,greenyellow
WASF2,greenyellow
SH3PXD2B,greenyellow
POTEF,greenyellow
ACOD1,greenyellow
HNRNPCL1;HNRNPCL3;HNRNPCL4,greenyellow
KIF2A,greenyellow
EML1,greenyellow
ARID1A,greenyellow
CUX2,greenyellow
EIF1AY,greenyellow
ZNF263,greenyellow
SART1,greenyellow
HSPA12A,greenyellow
ERI3,greenyellow
SPRY3,greenyellow
GSTZ1,greenyellow
PQBP1,blue
SRSF10,greenyellow
MMP23B,greenyellow
KRAS;NRAS,greenyellow
INSR,greenyellow
FYN,greenyellow
ITGA5,greenyellow
PGA3;PGA4;PGA5,greenyellow
SNRPB,greenyellow
CREB1,greenyellow
H1-2,blue
PRKCA,greenyellow
ITGB6,greenyellow
PLCG1,greenyellow
RAB3A,greenyellow
DNMT1,greenyellow
SLC7A1,greenyellow
PRKAR1B,greenyellow
ADD2,greenyellow
PBX1,greenyellow
MAPK8,greenyellow
HSPA7,greenyellow
RBM25,greenyellow
HNMT,greenyellow
PLAAT3,greenyellow
UBE2N,black
SUMO2,greenyellow
SUMO1,greenyellow
EEF1A1,greenyellow
H3-4;H3C12;H3C13,greenyellow
HMGN5,greenyellow
DR1,greenyellow
AKR1C1,blue
SRSF11,greenyellow
MGAT5,greenyellow
NFIA,blue
SMAD4,greenyellow
PIN1,greenyellow
NAE1,greenyellow
SNW1,blue
CUL1,greenyellow
CUL4B,greenyellow
DRAP1,blue
WTAP,greenyellow
PTPA,greenyellow
TSC22D1,greenyellow
UBE2V2,black
NRF1,greenyellow
BCL7A,blue
SETMAR,greenyellow
ZNF326,greenyellow
CCDC158,greenyellow
ENTPD8,greenyellow
FNBP1L,greenyellow
TASOR2,greenyellow
WASHC2A;WASHC2C,greenyellow
RPL7L1,greenyellow
DCLRE1A,greenyellow
CPLX2,greenyellow
VPS13C,greenyellow
EPM2AIP1,greenyellow
MOB1A;MOB1B,greenyellow
ZC3HAV1,greenyellow
POGZ,greenyellow
PHF6,greenyellow
CHERP,greenyellow
PNPLA6,greenyellow
PELP1,greenyellow
CRACR2B,greenyellow
OR4L1,greenyellow
RNASEH2C,greenyellow
CKAP2,greenyellow
LINC01599,greenyellow
CCT6B,greenyellow
MAGOHB,black
PHYHIPL,greenyellow
RBM17,greenyellow
ZNF462,greenyellow
DNHD1,greenyellow
RPRD1A,greenyellow
NACC1,greenyellow
NAP1L4,greenyellow
VRK1,greenyellow
RBM42,greenyellow
DCUN1D5,greenyellow
POLDIP3,greenyellow
CRNKL1,greenyellow
IRF2BPL,greenyellow
PPIL3,greenyellow
ADNP,greenyellow
FN3K,greenyellow
LRRC40,greenyellow
GPN2,greenyellow
NANS,greenyellow
PICK1,greenyellow
ARGLU1,greenyellow
CMTM6,greenyellow
CDKN2AIP,greenyellow
TERF2IP,greenyellow
NCDN,blue
CPSF3,greenyellow
TRIM33,greenyellow
LSM4,greenyellow
MORC2,greenyellow
SULT2B1,greenyellow
SEMG1,greenyellow
PLA2G4B,greenyellow
CRABP2,greenyellow
LCN2,greenyellow
EPS8L1,greenyellow
TRBV19,greenyellow
EIF1AX;EIF1AY,tan
SURF4,greenyellow
TRIM16,greenyellow
IGHM,greenyellow
APOB,greenyellow
COL1A2,greenyellow
GSTM1,greenyellow
COL11A2,greenyellow
HSPA6,yellow
XDH,greenyellow
SOX2,greenyellow
UBE2N;UBE2NL,greenyellow
MAGOH;MAGOHB,black
EEF1A1;EEF1A1P5,greenyellow
H3-3B;H3-4;H3C12;H3C13,black
PFKP,greenyellow
XPC,greenyellow
UBE2V1;UBE2V2,blue
RABL3,greenyellow
H3-7,magenta
NLRX1,greenyellow
CREBRF,greenyellow
CLYBL,greenyellow
LMO7,greenyellow
JAM3,tan
MYH16,greenyellow
DIP2B,greenyellow
YES1,tan
ARSA,tan
SEC23B,tan
SLC30A1,greenyellow
USP17L1;USP17L10;USP17L11;USP17L12;USP17L13;USP17L15;USP17L17;USP17L18;USP17L19;USP17L20;USP17L21;USP17L22;USP17L3;USP17L30;USP17L5,greenyellow
SEC14L6,greenyellow
SUMO1;SUMO1P1,tan
KPNA3,greenyellow
HAT1,tan
PLXNB2,tan
GSTA4,tan
KPNA6,greenyellow
NOS1AP,tan
NDUFB1,greenyellow
SRSF10;SRSF12,greenyellow
SOGA1,black
NRAS,greenyellow
CD1A,greenyellow
MMP3,tan
NFIC,greenyellow
FGF2,greenyellow
GSTT2;GSTT2B,tan
POTEJ,yellow
UBB;UBC,black
GLI4,tan
ENO3,tan
SNRPB;SNRPN,tan
HPGD,greenyellow
COL5A1,greenyellow
FUT3;FUT5,magenta
TNXB,magenta
TUBG1;TUBG2,tan
DGKA,greenyellow
CHM,tan
MPST,tan
PAX6,tan
POLD1,tan
RFC5,greenyellow
BAG6,greenyellow
ALDH1A3,greenyellow
POLD2,tan
PRIM2,greenyellow
KNTC1,tan
GPR143,greenyellow
KPNA1,tan
JAK3,greenyellow
SLC25A1,greenyellow
ATP12A,tan
SUMO2;SUMO3;SUMO4,tan
RAB2A;RAB2B,black
RPS15,tan
PPP2CA,black
PSG4,tan
PLIN5,greenyellow
MCL1,greenyellow
GALNT1,greenyellow
ERCC8,greenyellow
HDAC1,tan
ATG2A,tan
ZNF484,greenyellow
PPM1L,greenyellow
PIK3CD-AS1,tan
RNLS,greenyellow
FAM90A2P,greenyellow
MEAK7,greenyellow
FAM43B,magenta
GPRIN3,black
CYP2U1,tan
SERPINA11,greenyellow
ZNF598,greenyellow
LONP2,greenyellow
RAB43,greenyellow
AHNAK2,yellow
VPS52,greenyellow
REXO1,black
SLC39A11,magenta
VWA5B2,tan
STAG2,tan
STPG3,greenyellow
C7orf31,greenyellow
KBTBD8,greenyellow
PMFBP1,magenta
PIWIL2,black
PARD3B,greenyellow
PPP4R1,greenyellow
P3H4,black
CCDC124,tan
KIFBP,greenyellow
LRGUK,black
FAM193B,greenyellow
SMG1,greenyellow
RMDN3,greenyellow
SEMA3C,black
DDX50,tan
NUDT12,greenyellow
IFT27,tan
CACNG6,black
SRXN1,greenyellow
LDHAL6B,tan
DPH1,greenyellow
SRCIN1,greenyellow
UBA5,tan
SPATC1L,black
TKTL2,tan
SLC25A18;SLC25A22,tan
SLK,black
SMARCAD1,greenyellow
ANTXR1,magenta
MOB1A,greenyellow
RAD18,tan
FLRT3,greenyellow
STARD9,greenyellow
DACH1,tan
TMPRSS11E,greenyellow
NFU1,black
TBC1D30,black
TMED5,tan
PCDHGA1;PCDHGA2;PCDHGA5,greenyellow
MPC1,greenyellow
IVNS1ABP,greenyellow
ANO10,greenyellow
FLNC,greenyellow
RBM47,greenyellow
MAPK13,greenyellow
SIRPA,greenyellow
VWA8,greenyellow
MAP1LC3A;MAP1LC3B;MAP1LC3B2,greenyellow
CUX1;CUX2,greenyellow
EIF1;EIF1B,greenyellow
PIAS1,greenyellow
ACTL6A;ACTL6B,greenyellow
LCK,greenyellow
RAC1;RAC2;RAC3,greenyellow
H2AX,greenyellow
PPP3CA;PPP3CB;PPP3CC,greenyellow
H1-3,greenyellow
RAB6A;RAB6B,greenyellow
FUT3,greenyellow
PTPRB,greenyellow
PTPN4,greenyellow
HPCA;HPCAL1,greenyellow
ACTR1B,greenyellow
RPS27;RPS27L,greenyellow
MRPS35,greenyellow
RPL36A;RPL36AL,greenyellow
PLCB2,greenyellow
SRSF2,greenyellow
IL1RL1,greenyellow
PEX6,greenyellow
FILIP1L,greenyellow
POTEE,greenyellow
ZNF676,greenyellow
THOC2,greenyellow
RB1CC1,greenyellow
DYNLRB1;DYNLRB2,greenyellow
ASB11,greenyellow
TOMT,greenyellow
SNAPC3,greenyellow
MED8,greenyellow
TLR8,greenyellow
ACOXL,greenyellow
MRC2,greenyellow
NARF,greenyellow
HS3ST3A1;HS3ST3B1,greenyellow
